{"activation": "linear", "activation2": "tanh", "activation3": "tanh", "optimizer": "adam", "learning rate": 0.007125628082049344, "momentum": 0.13872224477620868, "weight decay": 0.8634995917306862, "rho": 0.6923876621629376, "epsilon": 0.1239839848563752, "initial accumulator": 0.3848361878590922, "0_units": 19, "n_layers": 2, "n_layers2_": 0, "0_1_units": 49, "dropout": true, "0_2_units": 1, "dropout rate2": 0.25, "dropout rate": 0.25}