{"activation": "leaky_relu", "activation2": "linear", "activation3": "linear", "optimizer": "adam", "learning rate": 0.005183483803748325, "momentum": 0.7980142517092635, "weight decay": 0.19014015401369722, "rho": 0.44370130349644155, "epsilon": 0.25174553013165496, "initial accumulator": 0.11255128318228406, "0_units": 19, "n_layers": 2, "n_layers2_": 2, "0_1_units": 47, "dropout": false, "0_2_units": 38, "dropout rate2": 0.15, "dropout rate": 0.2}