{"activation": "linear", "activation2": "tanh", "activation3": "tanh", "optimizer": "adam", "learning rate": 0.0024577248201791747, "momentum": 0.41948045902652037, "weight decay": 0.12601687510141024, "rho": 0.43298256514996675, "epsilon": 0.17163925271549862, "initial accumulator": 0.9801276220434902, "0_units": 20, "n_layers": 1, "n_layers2_": 2, "0_1_units": 40, "dropout": true, "0_2_units": 43, "dropout rate2": 0.1}