{"activation": "leaky_relu", "activation2": "linear", "activation3": "leaky_relu", "optimizer": "SGD", "learning rate": 0.00326521752296282, "momentum": 0.564298756458853, "weight decay": 0.17787005933553068, "rho": 0.7890633402346146, "epsilon": 0.5641414201656596, "initial accumulator": 0.43525994769536924, "0_units": 31, "n_layers": 2, "n_layers2_": 1, "0_1_units": 22, "dropout": true, "0_2_units": 26, "dropout rate2": 0.15, "dropout rate": 0.15}