{"activation": "leaky_relu", "activation2": "linear", "activation3": "linear", "optimizer": "SGD", "learning rate": 0.002443156987199993, "momentum": 0.00033088177924719297, "weight decay": 0.30452707192583023, "rho": 0.6389617442230326, "epsilon": 0.36166229212868656, "initial accumulator": 0.381606522151166, "0_units": 23, "n_layers": 2, "n_layers2_": 2, "0_1_units": 16, "dropout": false, "0_2_units": 22, "dropout rate2": 0.2, "dropout rate": 0.15}