{"activation": "tanh", "activation2": "sigmoid", "activation3": "linear", "optimizer": "SGD", "learning rate": 0.005291511392586782, "momentum": 0.6522024348200103, "weight decay": 0.11710024232203674, "rho": 0.7428895755341495, "epsilon": 0.6329196424309003, "initial accumulator": 0.09853277849736983, "0_units": 36, "n_layers": 0, "n_layers2_": 2, "0_1_units": 26, "dropout": false, "0_2_units": 39, "dropout rate2": 0.15, "dropout rate": 0.25}