{"activation": "tanh", "activation2": "tanh", "activation3": "leaky_relu", "optimizer": "adam", "learning rate": 0.004403476963971131, "momentum": 0.3272112097919982, "weight decay": 0.0282950048195039, "rho": 0.6338668097519424, "epsilon": 0.1326601277725059, "initial accumulator": 0.46246569741358307, "0_units": 20, "n_layers": 2, "n_layers2_": 2, "0_1_units": 38, "dropout": false, "0_2_units": 38, "dropout rate2": 0.2, "dropout rate": 0.2}