{"activation": "tanh", "activation2": "tanh", "activation3": "leaky_relu", "optimizer": "SGD", "learning rate": 0.0023551625629208667, "momentum": 0.8237300872476313, "weight decay": 0.034575173157642566, "rho": 0.3006788540440741, "epsilon": 0.1996839873149633, "initial accumulator": 0.5414821686010259, "0_units": 39, "n_layers": 2, "n_layers2_": 1, "0_1_units": 25, "dropout": false, "0_2_units": 21, "dropout rate2": 0.1, "dropout rate": 0.15}