{"activation": "tanh", "activation2": "linear", "activation3": "linear", "optimizer": "SGD", "learning rate": 0.002795716944011806, "momentum": 0.6726428886593134, "weight decay": 0.2218814008572553, "rho": 0.9597830319709953, "epsilon": 0.7709431214841079, "initial accumulator": 0.6520258531219429, "0_units": 26, "n_layers": 2, "n_layers2_": 0, "0_1_units": 19, "dropout": false, "0_2_units": 11, "dropout rate2": 0.1, "dropout rate": 0.2}