{"activation": "leaky_relu", "activation2": "linear", "activation3": "linear", "optimizer": "SGD", "learning rate": 0.00371423866775244, "momentum": 0.8788743746297927, "weight decay": 0.37542474670701237, "rho": 0.9657060093254438, "epsilon": 0.6664842188799691, "initial accumulator": 0.9552696919830878, "0_units": 19, "n_layers": 2, "n_layers2_": 0, "0_1_units": 42, "dropout": false, "0_2_units": 5, "dropout rate2": 0.15, "dropout rate": 0.2}