{"activation": "tanh", "activation2": "leaky_relu", "activation3": "sigmoid", "optimizer": "SGD", "learning rate": 0.0023666012038570865, "momentum": 0.9402917780557128, "weight decay": 0.1894291938337249, "rho": 0.930206635678451, "epsilon": 0.5180965505849329, "initial accumulator": 0.3750627680737584, "0_units": 44, "n_layers": 0, "n_layers2_": 0, "0_1_units": 19, "dropout": false, "0_2_units": 35, "dropout rate2": 0.25, "dropout rate": 0.25}