{"activation": "tanh", "activation2": "leaky_relu", "activation3": "linear", "optimizer": "SGD", "learning rate": 0.001931299357257501, "momentum": 0.7275441834315546, "weight decay": 0.045276126246303124, "rho": 0.07799206391341067, "epsilon": 0.22880031210914775, "initial accumulator": 0.22072303657678374, "0_units": 50, "n_layers": 1, "n_layers2_": 2, "0_1_units": 4, "dropout": true, "0_2_units": 22, "dropout rate2": 0.25, "dropout rate": 0.15}