{"activation": "sigmoid", "activation2": "tanh", "activation3": "leaky_relu", "optimizer": "SGD", "learning rate": 0.001960567241122589, "momentum": 0.9189583130647969, "weight decay": 0.07350652686328486, "rho": 0.12366123960903597, "epsilon": 0.31570626937670565, "initial accumulator": 0.4544405051043139, "0_units": 18, "n_layers": 2, "n_layers2_": 0, "0_1_units": 35, "dropout": false, "0_2_units": 44, "dropout rate2": 0.2, "dropout rate": 0.25}