{"activation": "leaky_relu", "activation2": "linear", "activation3": "leaky_relu", "optimizer": "SGD", "learning rate": 0.009580693774833494, "momentum": 0.46285345354279855, "weight decay": 0.0633951467154827, "rho": 0.651712978137112, "epsilon": 0.861519918300727, "initial accumulator": 0.6498560911457829, "0_units": 50, "n_layers": 1, "n_layers2_": 1, "0_1_units": 38, "dropout": true, "0_2_units": 12, "dropout rate2": 0.25, "dropout rate": 0.15}