{"activation": "linear", "activation2": "tanh", "activation3": "linear", "optimizer": "SGD", "learning rate": 0.003808003550815909, "momentum": 0.6974163753458359, "weight decay": 0.08635904447891433, "rho": 0.2959648957006872, "epsilon": 0.6099833909847768, "initial accumulator": 0.6993013187129324, "0_units": 38, "n_layers": 2, "n_layers2_": 1, "0_1_units": 25, "dropout": false, "0_2_units": 11, "dropout rate2": 0.1, "dropout rate": 0.1}