{"activation": "sigmoid", "activation2": "relu", "activation3": "relu", "optimizer": "adam", "learning rate": 0.0946292722223095, "momentum": 0.15206169523967344, "weight decay": 0.5503126272198116, "rho": 0.1953819703996706, "epsilon": 0.33859347870886347, "initial accumulator": 0.4482128202860191, "0_units": 45, "n_layers": 2, "n_layers2_": 1, "0_1_units": 47, "dropout": false, "1_1_units": 63, "2_1_units": 44, "3_1_units": 40, "4_1_units": 1, "0_2_units": 36, "1_2_units": 53, "2_2_units": 46, "3_2_units": 28, "4_2_units": 94, "dropout rate": 0.15, "dropout rate2": 0.1}