{"activation": "silu", "activation2": "relu", "activation3": "silu", "optimizer": "adam", "learning rate": 0.0049941402224253015, "momentum": 0.9889109892469738, "weight decay": 0.7987028345715915, "rho": 0.9173605188801499, "epsilon": 0.42952662716680307, "initial accumulator": 0.8312207932732416, "0_units": 47, "n_layers": 0, "n_layers2_": 6, "0_1_units": 52, "dropout": false, "1_1_units": 34, "2_1_units": 47, "3_1_units": 10, "4_1_units": 22, "0_2_units": 35, "1_2_units": 25, "2_2_units": 42, "3_2_units": 60, "4_2_units": 84, "dropout rate": 0.15, "dropout rate2": 0.15}