{"activation": "leaky_relu", "activation2": "sigmoid", "activation3": "linear", "optimizer": "adam", "learning rate": 0.04712334234838236, "momentum": 0.607154512963286, "weight decay": 0.02753263268132598, "rho": 0.0037318690923011577, "epsilon": 0.73276529939795, "initial accumulator": 0.02389381341627194, "0_units": 60, "n_layers": 0, "n_layers2_": 1, "0_1_units": 97, "dropout": true, "1_1_units": 95, "2_1_units": 90, "3_1_units": 78, "4_1_units": 53, "0_2_units": 60, "1_2_units": 51, "2_2_units": 8, "3_2_units": 67, "4_2_units": 98, "dropout rate": 0.2, "dropout rate2": 0.25}