{"activation": "relu", "activation2": "silu", "activation3": "tanh", "optimizer": "adam", "learning rate": 0.008987996967406965, "momentum": 0.5907570363954361, "weight decay": 0.9177375871295805, "rho": 0.8620253324827444, "epsilon": 0.9108618977253192, "initial accumulator": 0.555714885936893, "0_units": 69, "n_layers": 6, "n_layers2_": 1, "0_1_units": 55, "dropout": false, "1_1_units": 15, "2_1_units": 81, "3_1_units": 71, "4_1_units": 49, "0_2_units": 15, "1_2_units": 37, "2_2_units": 38, "3_2_units": 74, "4_2_units": 20, "dropout rate": 0.15, "dropout rate2": 0.1}