{"activation": "tanh", "activation2": "linear", "activation3": "leaky_relu", "optimizer": "adam", "learning rate": 0.019776345370946972, "momentum": 0.7458978280683375, "weight decay": 0.47987108190096117, "rho": 0.4374081758856957, "epsilon": 0.13035635742787913, "initial accumulator": 0.6060129964739739, "0_units": 15, "n_layers": 0, "n_layers2_": 2, "0_1_units": 54, "dropout": false, "1_1_units": 26, "2_1_units": 17, "3_1_units": 87, "4_1_units": 97, "0_2_units": 100, "1_2_units": 75, "2_2_units": 97, "3_2_units": 44, "4_2_units": 77, "dropout rate": 0.25, "dropout rate2": 0.15}