{"activation": "silu", "activation2": "relu", "activation3": "tanh", "optimizer": "SGD", "learning rate": 0.002067023644044522, "momentum": 0.7958363273601788, "weight decay": 0.1499666788112551, "rho": 0.051172422337476514, "epsilon": 0.44214285840733103, "initial accumulator": 0.5408831066046036, "0_units": 44, "n_layers": 2, "n_layers2_": 2, "0_1_units": 92, "dropout": false, "1_1_units": 54, "2_1_units": 95, "3_1_units": 98, "4_1_units": 46, "0_2_units": 86, "1_2_units": 50, "2_2_units": 83, "3_2_units": 59, "4_2_units": 63, "dropout rate": 0.2, "dropout rate2": 0.2}