{"activation": "leaky_relu", "activation2": "tanh", "activation3": "leaky_relu", "optimizer": "adam", "learning rate": 0.00482320722474266, "momentum": 0.3921287899608052, "weight decay": 0.16922982250659058, "rho": 0.39269467130574154, "epsilon": 0.46797643210117323, "initial accumulator": 0.03158181291985125, "0_units": 71, "n_layers": 0, "n_layers2_": 2, "0_1_units": 64, "dropout": false, "1_1_units": 36, "2_1_units": 19, "3_1_units": 58, "4_1_units": 49, "0_2_units": 21, "1_2_units": 2, "2_2_units": 74, "3_2_units": 81, "4_2_units": 95, "dropout rate": 0.15, "dropout rate2": 0.2}