{"activation": "relu", "activation2": "sigmoid", "activation3": "linear", "optimizer": "adam", "learning rate": 0.005585136553990902, "momentum": 0.7220676673132908, "weight decay": 0.6195040373656867, "rho": 0.4949239537794751, "epsilon": 0.7925096285342637, "initial accumulator": 0.3169640090137975, "0_units": 91, "n_layers": 0, "n_layers2_": 2, "0_1_units": 91, "dropout": false, "1_1_units": 44, "2_1_units": 15, "3_1_units": 89, "4_1_units": 85, "0_2_units": 80, "1_2_units": 92, "2_2_units": 66, "3_2_units": 84, "4_2_units": 13, "dropout rate": 0.25, "dropout rate2": 0.1}