{"activation": "tanh", "activation2": "tanh", "activation3": "linear", "optimizer": "adam", "learning rate": 0.014800358008427642, "momentum": 0.07687980049914526, "weight decay": 0.7815616408901905, "rho": 0.42601993810572664, "epsilon": 0.8864708396006072, "initial accumulator": 0.4089259115038083, "0_units": 61, "n_layers": 1, "n_layers2_": 0, "0_1_units": 58, "dropout": true, "1_1_units": 24, "2_1_units": 37, "3_1_units": 51, "4_1_units": 47, "0_2_units": 10, "1_2_units": 14, "2_2_units": 72, "3_2_units": 62, "4_2_units": 51, "dropout rate": 0.15, "dropout rate2": 0.15}