{"activation": "leaky_relu", "activation2": "sigmoid", "activation3": "leaky_relu", "optimizer": "SGD", "learning rate": 0.0013865572674492254, "momentum": 0.9646816824334016, "weight decay": 0.3160751263955799, "rho": 0.382758114608059, "epsilon": 0.11545098102533978, "initial accumulator": 0.0828628901020247, "0_units": 79, "n_layers": 0, "n_layers2_": 2, "0_1_units": 22, "dropout": false, "1_1_units": 35, "2_1_units": 75, "3_1_units": 32, "4_1_units": 71, "0_2_units": 33, "1_2_units": 44, "2_2_units": 76, "3_2_units": 88, "4_2_units": 60, "dropout rate": 0.25, "dropout rate2": 0.2}